{
  "train_loss": [
    1.4178704288601875,
    1.3948327092826367,
    1.3852784110605716,
    1.3878681330382825,
    1.3733421814441682,
    1.3668786339461803,
    1.3584819668531418,
    1.3502483709156514,
    1.3557475033402442,
    1.349150335788727,
    1.324420185238123,
    1.3228871774673463,
    1.3293847306072712,
    1.3309246860444546,
    1.3079932864010333,
    1.3069619530439376,
    1.2594680862128735,
    1.2537490944564342,
    1.2527735231816768,
    1.2612533229589462,
    1.2471580582112074,
    1.247479446530342,
    1.2419078107178212,
    1.2384206499159336,
    1.237773298174143,
    1.2255704489350319,
    1.2435356970131397,
    1.2234283968806268,
    1.2206647720932962
  ],
  "val_loss": [
    1.3727408850193024,
    1.3729879295825957,
    1.3792404425144196,
    1.3855073070526123,
    1.3316591894626617,
    1.3460528481006622,
    1.3515716421604156,
    1.3292038810253144,
    1.3692755317687988,
    1.2925247710943222,
    1.4066073441505431,
    1.311160762310028,
    1.3360857057571411,
    1.315114799439907,
    1.3731287449598313,
    1.3133135348558427,
    1.2704573798179626,
    1.2544017419219018,
    1.2785721880197525,
    1.2827865451574325,
    1.2510541707277298,
    1.2572789311408996,
    1.282623120546341,
    1.2526879423856736,
    1.301908621788025,
    1.3058087146282196,
    1.2247338873147964,
    1.2334516590833664,
    1.2344811701774596
  ],
  "val_accuracy": [
    0.51625,
    0.5375,
    0.52125,
    0.515,
    0.50375,
    0.54375,
    0.53125,
    0.535,
    0.5175,
    0.5575,
    0.51,
    0.55875,
    0.5325,
    0.55125,
    0.535,
    0.535,
    0.5625,
    0.575,
    0.57,
    0.55625,
    0.5875,
    0.57,
    0.555,
    0.58,
    0.5675,
    0.5375,
    0.5925,
    0.57875,
    0.5875
  ],
  "val_f1_macro": [
    0.4919491940265776,
    0.5109275178090065,
    0.504623638021166,
    0.4968416144593687,
    0.48364975364623064,
    0.5148007252886357,
    0.5121933166762647,
    0.5010351238989031,
    0.5014738639472529,
    0.533532760986446,
    0.49254160265982616,
    0.5282161487036794,
    0.5052868583603265,
    0.5202924365560129,
    0.5166811411914465,
    0.5177003356131892,
    0.5458813432792543,
    0.5533693289351755,
    0.5483399744868127,
    0.5409984496515419,
    0.5704970971489092,
    0.552491453873234,
    0.5378881479609146,
    0.5611506110490274,
    0.55744446083497,
    0.5226275845362964,
    0.5773739125850283,
    0.5627609779713372,
    0.5664071483429662
  ],
  "lr": [
    0.001,
    0.001,
    0.001,
    0.001,
    0.001,
    0.001,
    0.001,
    0.001,
    0.001,
    0.001,
    0.001,
    0.001,
    0.001,
    0.001,
    0.001,
    0.001,
    0.0005,
    0.0005,
    0.0005,
    0.0005,
    0.0005,
    0.0005,
    0.0005,
    0.0005,
    0.0005,
    0.0005,
    0.0005,
    0.0005,
    0.0005
  ],
  "best_epoch": 48,
  "best_val_accuracy": 0.5925
}