{
  "train_loss": [
    2.077521031498909,
    1.9405064588785172,
    1.8614645183086396,
    1.820693049430847,
    1.7837985783815384,
    1.7586837729811668,
    1.7625215768814086,
    1.7287643134593964,
    1.7247367778420448,
    1.699771786928177,
    1.6832656076550483,
    1.6641511774063111,
    1.6503758001327515,
    1.6244966098666191,
    1.6161770059168339,
    1.5948750445246695,
    1.5789217695593833,
    1.5670945540070533,
    1.5484361654520036,
    1.5372578625380993,
    1.5246734382212161,
    1.5239404518902302,
    1.4946802124381064,
    1.4892358882725238,
    1.4792863702774048,
    1.467146736383438,
    1.461996573805809,
    1.445741954445839,
    1.4515147127211094,
    1.4380908714234828,
    1.4287713877856731,
    1.4251047165691852,
    1.4139533388614653,
    1.4178651131689548,
    1.4144354394078256,
    1.4004562357068062,
    1.4039105539023877,
    1.3817621181905269,
    1.3801619875431062,
    1.3760446164011955,
    1.3851069797575475,
    1.373213481605053,
    1.3649680617451667,
    1.3522164556384086,
    1.3691752445697785,
    1.3584160143136979,
    1.3521998398005963,
    1.3360018742084503,
    1.3311946099996568,
    1.326114926636219
  ],
  "val_loss": [
    2.0136225152015688,
    1.867468032836914,
    1.8024617803096772,
    1.7908347630500794,
    1.8237851548194886,
    1.8044450783729553,
    1.7585710132122039,
    1.703073492050171,
    1.7073570227622985,
    1.6772139859199524,
    1.641866191625595,
    1.6262180769443513,
    1.5561827206611634,
    1.5553788912296296,
    1.552351291179657,
    1.536470124721527,
    1.4822280609607696,
    1.470840864777565,
    1.457977910041809,
    1.4707056415081023,
    1.470175175666809,
    1.45757306933403,
    1.409296145439148,
    1.4043732726573943,
    1.3649301135540008,
    1.4595190918445586,
    1.409210410118103,
    1.3739408373832702,
    1.4000494182109833,
    1.4138923597335815,
    1.3463102233409883,
    1.4093014430999755,
    1.4284953057765961,
    1.3495861220359802,
    1.3549935394525527,
    1.3388924610614776,
    1.338780541419983,
    1.3519604468345643,
    1.3228385490179062,
    1.3216840970516204,
    1.360487550497055,
    1.3511670207977295,
    1.3394988191127777,
    1.4074110090732574,
    1.317650226354599,
    1.3398295772075652,
    1.3253943288326264,
    1.3152580523490907,
    1.3058785927295684,
    1.2990986371040345
  ],
  "val_accuracy": [
    0.19875,
    0.27875,
    0.3,
    0.30375,
    0.2975,
    0.30875,
    0.3375,
    0.3625,
    0.34375,
    0.3725,
    0.38125,
    0.40875,
    0.43375,
    0.42625,
    0.465,
    0.46125,
    0.4825,
    0.47375,
    0.49625,
    0.475,
    0.49875,
    0.49625,
    0.495,
    0.50375,
    0.51875,
    0.49875,
    0.49,
    0.53,
    0.5225,
    0.51125,
    0.53875,
    0.5275,
    0.49125,
    0.525,
    0.52125,
    0.5425,
    0.51625,
    0.53375,
    0.5375,
    0.5425,
    0.5225,
    0.52625,
    0.5525,
    0.49625,
    0.535,
    0.51875,
    0.53125,
    0.54,
    0.5525,
    0.55125
  ],
  "val_f1_macro": [
    0.08758605960098498,
    0.19892124532473565,
    0.23711991118057263,
    0.2242565580000026,
    0.22075987763083355,
    0.23249223794248747,
    0.2646360715183174,
    0.2857466457150405,
    0.2600172924728312,
    0.313700664295704,
    0.3266712759547491,
    0.3587018418586334,
    0.37840399857060825,
    0.3774573063278678,
    0.41981337397642327,
    0.4250986250146068,
    0.454305105521032,
    0.4306114456913334,
    0.46593614743003947,
    0.4526552559827772,
    0.4836146497667491,
    0.4651747311176131,
    0.4719873196932902,
    0.48368092587957384,
    0.4972949722170495,
    0.4763350628475036,
    0.4769395338944633,
    0.5081825634193091,
    0.497221050852213,
    0.4946742171067774,
    0.5163635638410143,
    0.5035581071813418,
    0.4765957621213048,
    0.5025396604147021,
    0.500332321890911,
    0.5257550640141185,
    0.4998734238511845,
    0.5215754036944976,
    0.5097298588419635,
    0.5218917387461652,
    0.5107829960429807,
    0.5184200066536198,
    0.5474765851314434,
    0.47676015337484323,
    0.5156039133397716,
    0.5096231001330729,
    0.5120710256585919,
    0.520535181154353,
    0.5389242739601945,
    0.5415423567898113
  ],
  "lr": [
    0.001,
    0.001,
    0.001,
    0.001,
    0.001,
    0.001,
    0.001,
    0.001,
    0.001,
    0.001,
    0.001,
    0.001,
    0.001,
    0.001,
    0.001,
    0.001,
    0.001,
    0.001,
    0.001,
    0.001,
    0.001,
    0.001,
    0.001,
    0.001,
    0.001,
    0.001,
    0.001,
    0.001,
    0.001,
    0.001,
    0.001,
    0.001,
    0.001,
    0.001,
    0.001,
    0.001,
    0.001,
    0.001,
    0.001,
    0.001,
    0.001,
    0.001,
    0.001,
    0.001,
    0.001,
    0.001,
    0.001,
    0.001,
    0.001,
    0.001
  ],
  "best_epoch": 43,
  "best_val_accuracy": 0.5525,
  "run_timestamp": "20260306_222702",
  "phase": 2
}